fiscal_year,total_assets,total_liabilities,stockholders_equity,revenue,operating_cashflow,ebit,interest_expense,net_income,total_debt,ebit_is_gross_profit_flag,ticker,cik,sector,entity,debt_to_asset,interest_coverage,debt_to_ebit,cashflow_to_debt,revenue_trend,debt_missing_flag,interest_missing_flag,interest_zero_flag,debt_to_asset_score,interest_coverage_score,debt_to_ebit_score,cashflow_to_debt_score,revenue_trend_score,composite_0_10,composite_score,composite_score_calibrated
2021,146529000000,131121000000,15408000000,56197000000,22777000000,17924000000,2423000000.0,4044000000,76670000000.0,False,ABBV,1551152,Healthcare,ABBVIE INC.,0.5232411331545291,7.397441188609162,4.277505021200625,0.2970783878961784,,False,False,False,4.0,8.0,4.0,9.0,,6.722222222222222,67.22222222222223,52.96885490491011
2022,138805000000,121551000000,17254000000,58054000000,24943000000,18117000000,2230000000.0,2473000000,63270000000.0,False,ABBV,1551152,Healthcare,ABBVIE INC.,0.4558193148661791,8.124215246636771,3.492300049677099,0.3942310731784416,0.0330444685659376,False,False,False,4.0,10.0,6.0,10.0,5.0,7.800000000000002,78.00000000000001,67.19722896980336
2023,134711000000,124351000000,10360000000,54318000000,22839000000,12757000000,2224000000.0,822000000,59385000000.0,False,ABBV,1551152,Healthcare,ABBVIE INC.,0.4408325971895391,5.736061151079137,4.655091322411225,0.3845920687042182,-0.0643538774244668,False,False,False,4.0,8.0,4.0,10.0,3.0,6.6000000000000005,66.0,51.43636824405026
2024,135161000000,131836000000,3325000000,56334000000,18806000000,9137000000,2808000000.0,-22000000,67144000000.0,False,ABBV,1551152,Healthcare,ABBVIE INC.,0.4967705181228313,3.2539173789173788,7.34858268578308,0.2800845943047778,0.0371147685849995,False,False,False,4.0,6.0,4.0,9.0,5.0,5.950000000000001,59.500000000000014,43.57397151505535
2025,133960000000,137230000000,-3270000000,61160000000,19030000000,15075000000,2893000000.0,1816000000,64997000000.0,False,ABBV,1551152,Healthcare,ABBVIE INC.,0.4851970737533592,5.210853784998272,4.311575456053068,0.2927827438189455,0.0856676252352042,False,False,False,4.0,8.0,4.0,9.0,7.0,6.750000000000001,67.50000000000001,53.319496112502904
2021,11571000000,12233000000,-662000000,1681000000,2039000000,409000000,432000000.0,88000000,6366000000.0,False,BBWI,701985,Retail,"Bath & Body Works, Inc.",0.5501685247601763,0.9467592592592592,15.56479217603912,0.3202953188815582,,False,False,False,4.0,2.0,0.0,9.0,,3.833333333333334,38.33333333333334,21.56366305068353
2022,6026000000,7544000000,-1518000000,1604000000,1492000000,202000000,388000000.0,91000000,4854000000.0,False,BBWI,701985,Retail,"Bath & Body Works, Inc.",0.8044113217609287,0.520618556701031,22.905923420660674,0.3073753605274001,-0.0458060678167757,False,False,False,0.0,2.0,0.0,9.0,5.0,3.3500000000000005,33.50000000000001,17.38087720289421
2023,5494000000,7700000000,-2206000000,2889000000,1144000000,653000000,348000000.0,434000000,4862000000.0,False,BBWI,701985,Retail,"Bath & Body Works, Inc.",0.8044113217609287,1.8764367816091956,7.445635528330781,0.2352941176470588,0.8011221945137157,False,False,False,0.0,4.0,4.0,9.0,10.0,5.250000000000001,52.50000000000001,35.66603943709315
2024,5463000000,7090000000,-1627000000,7429000000,954000000,1285000000,345000000.0,878000000,4388000000.0,False,BBWI,701985,Retail,"Bath & Body Works, Inc.",0.8032216730734029,3.724637681159421,3.4147859922178987,0.2174111212397447,1.571478020076151,False,False,False,0.0,6.0,6.0,9.0,10.0,6.250000000000001,62.50000000000001,47.1420026292591
2025,4872000000,6257000000,-1385000000,7307000000,886000000,1266000000,312000000.0,798000000,3884000000.0,False,BBWI,701985,Retail,"Bath & Body Works, Inc.",0.7972085385878489,4.057692307692308,3.0679304897314377,0.2281153450051493,-0.0164221294925293,False,False,False,2.0,8.0,6.0,9.0,5.0,6.650000000000001,66.50000000000001,52.06125492661121
2021,19067000000,14480000000,4587000000,47262000000,4927000000,2391000000,52000000.0,1798000000,1363000000.0,False,BBY,764478,Retail,"BEST BUY CO., INC.",0.0714847642523732,45.98076923076923,0.5700543705562526,3.614820249449743,,False,False,False,10.0,10.0,10.0,10.0,,10.000000000000002,100.00000000000001,100.0
2022,17504000000,14484000000,3020000000,51761000000,3252000000,3039000000,25000000.0,2454000000,1216000000.0,False,BBY,764478,Retail,"BEST BUY CO., INC.",0.0694698354661791,121.56,0.4001316222441592,2.674342105263158,0.0951927552790825,False,False,False,10.0,10.0,10.0,10.0,7.0,9.700000000000001,97.00000000000001,95.24337464098011
2023,15803000000,13008000000,2795000000,46298000000,1824000000,1795000000,35000000.0,1419000000,1160000000.0,False,BBY,764478,Retail,"BEST BUY CO., INC.",0.0734037840916281,51.285714285714285,0.6462395543175488,1.5724137931034483,-0.1055427831765228,False,False,False,10.0,10.0,10.0,10.0,3.0,9.300000000000002,93.00000000000003,89.03745086448069
2024,14967000000,11914000000,3053000000,43452000000,1470000000,1574000000,52000000.0,1241000000,1152000000.0,False,BBY,764478,Retail,"BEST BUY CO., INC.",0.0769693325315694,30.26923076923077,0.7318932655654383,1.2760416666666667,-0.0614713378547669,False,False,False,10.0,10.0,10.0,10.0,3.0,9.300000000000002,93.00000000000003,89.03745086448069
2025,14782000000,11974000000,2808000000,41528000000,2098000000,1262000000,51000000.0,927000000,1144000000.0,False,BBY,764478,Retail,"BEST BUY CO., INC.",0.0773914219997294,24.745098039215687,0.9064976228209192,1.833916083916084,-0.0442787443615944,False,False,False,10.0,10.0,10.0,10.0,5.0,9.500000000000002,95.00000000000001,92.1208143458297
2021,44453000000,42662000000,1791000000,162467000000,2429000000,472000000,180000000.0,611000000,6236000000.0,False,CAH,721371,Healthcare,"Cardinal Health, Inc.",0.1402829955233617,2.6222222222222222,13.21186440677966,0.3895125080179602,,False,False,False,8.0,6.0,0.0,10.0,,6.111111111111112,61.111111111111114,45.477050306031714
2022,43878000000,44587000000,-709000000,51468000000,3175000000,-86000000,24000000.0,-77000000,5315000000.0,False,CAH,721371,Healthcare,"Cardinal Health, Inc.",0.1211313186562742,-3.583333333333333,-50.11409003627054,0.5973659454374413,-0.2789270688200296,False,False,False,8.0,0.0,0.0,10.0,0.0,3.7000000000000006,37.00000000000001,20.37617953292714
2023,43349000000,46307000000,-2958000000,57442000000,2844000000,505000000,3000000.0,368000000,4701000000.0,False,CAH,721371,Healthcare,"Cardinal Health, Inc.",0.1084454081985743,168.33333333333334,9.30891089108911,0.6049776643267389,0.1160721224838734,False,False,False,8.0,10.0,2.0,10.0,7.0,7.800000000000002,78.00000000000001,67.19722896980336
2024,45121000000,48334000000,-3213000000,226827000000,3762000000,1243000000,51000000.0,852000000,5092000000.0,False,CAH,721371,Healthcare,"Cardinal Health, Inc.",0.1128521087741849,24.37254901960784,4.096540627514079,0.7388059701492538,2.948800529229484,False,False,False,8.0,10.0,4.0,10.0,10.0,8.500000000000002,85.00000000000001,77.10282331663666
2025,53122000000,55903000000,-2781000000,222578000000,2397000000,2275000000,215000000.0,1561000000,8527000000.0,False,CAH,721371,Healthcare,"Cardinal Health, Inc.",0.1605172998004593,10.581395348837209,3.748131868131868,0.2811070716547437,-0.018732337861013,False,False,False,8.0,10.0,6.0,9.0,5.0,8.150000000000002,81.50000000000003,72.08620689596835
2021,59268000000,41190000000,17564000000,195929000000,8958000000,6708000000,171000000.0,5007000000,7531000000.0,False,COST,909832,Retail,COSTCO WHOLESALE CORP /NEW,0.1270668826348113,39.2280701754386,1.1226893261776982,1.189483468330899,,False,False,False,8.0,10.0,8.0,10.0,,9.222222222222223,92.22222222222223,87.8490223492432
2022,64166000000,43519000000,20642000000,226954000000,7392000000,7793000000,158000000.0,5844000000,6484000000.0,False,COST,909832,Retail,COSTCO WHOLESALE CORP /NEW,0.1010504005236418,49.322784810126585,0.832028743744386,1.1400370141887723,0.1583481771458028,False,False,False,8.0,10.0,10.0,10.0,9.0,9.600000000000001,96.00000000000001,93.67721544706062
2023,68994000000,43936000000,25058000000,242290000000,11068000000,8114000000,160000000.0,6292000000,5377000000.0,False,COST,909832,Retail,COSTCO WHOLESALE CORP /NEW,0.0779343131286778,50.7125,0.6626817845698793,2.0583968755811792,0.0675731646060435,False,False,False,10.0,10.0,10.0,10.0,7.0,9.700000000000001,97.00000000000001,95.24337464098011
2024,69831000000,46209000000,23622000000,254453000000,11339000000,9285000000,169000000.0,7367000000,5794000000.0,False,COST,909832,Retail,COSTCO WHOLESALE CORP /NEW,0.0829717460726611,54.94082840236686,0.6240172320947766,1.95702450811184,0.0502001733459902,False,False,False,10.0,10.0,10.0,10.0,7.0,9.700000000000001,97.00000000000001,95.24337464098011
2025,77099000000,47935000000,29164000000,275235000000,13335000000,10383000000,154000000.0,8099000000,5713000000.0,False,COST,909832,Retail,COSTCO WHOLESALE CORP /NEW,0.0740995343649074,67.42207792207792,0.550226331503419,2.334150183791353,0.0816732363147614,False,False,False,10.0,10.0,10.0,10.0,7.0,9.700000000000001,97.00000000000001,95.24337464098011
2021,25862624000,19201386000,6661238000,8414524000,3876159000,872224000,150385000.0,642743000,4130975000.0,False,DG,29534,Retail,DOLLAR GENERAL CORPORATION,0.159727605365952,5.799940153605745,4.736140028249624,0.9383157729107536,,False,False,False,8.0,8.0,4.0,10.0,,7.666666666666667,76.66666666666667,65.36880264113833
2022,26327371000,20065385000,6261986000,34220449000,2865811000,3220675000,157526000.0,2399232000,4172068000.0,False,DG,29534,Retail,DOLLAR GENERAL CORPORATION,0.1584688421794945,20.44535505249927,1.2954017403184117,0.6869041923573633,3.066831231332872,False,False,False,8.0,10.0,8.0,10.0,10.0,9.300000000000002,93.00000000000003,89.03745086448069
2023,29083367000,23541595000,5541772000,37844863000,1984555000,3328302000,211273000.0,2415989000,,False,DG,29534,Retail,DOLLAR GENERAL CORPORATION,,15.753560559087058,,,0.1059136892096301,True,False,False,,10.0,,,7.0,9.25,92.5,88.2727735403243
2024,30795591000,24046472000,6749119000,38691609000,2391798000,2446300000,326781000.0,1661274000,768645000.0,False,DG,29534,Retail,DOLLAR GENERAL CORPORATION,0.0249595794410959,7.486053350715005,0.3142071700118546,3.1117069648537363,0.0223741330494444,False,False,False,10.0,8.0,10.0,10.0,5.0,8.900000000000002,89.00000000000003,82.98966483462478
2025,31132733000,23719026000,7413707000,40612308000,2996064000,1714074000,,1125253000,519463000.0,False,DG,29534,Retail,DOLLAR GENERAL CORPORATION,0.0166854288057524,,0.3030575109359339,5.767617712907368,0.0496412284120828,False,True,False,10.0,,10.0,10.0,5.0,9.285714285714286,92.85714285714286,88.8187192850695
2021,97460000000,61332000000,36060000000,138639000000,8364000000,7559000000,798000000.0,6158000000,22756000000.0,False,ELV,1156039,Healthcare,"Elevance Health, Inc.",0.2334906628360352,9.472431077694235,3.0104511178727345,0.3675514150114256,,False,False,False,8.0,10.0,6.0,10.0,,8.777777777777779,87.77777777777779,81.17369791619863
2022,102755000000,66425000000,36243000000,156595000000,8399000000,8283000000,851000000.0,5894000000,23849000000.0,False,ELV,1156039,Healthcare,"Elevance Health, Inc.",0.2320957617634178,9.73325499412456,2.879270795605457,0.3521740953499098,0.129516225593087,False,False,False,8.0,10.0,6.0,10.0,7.0,8.600000000000001,86.00000000000001,78.5592849789299
2023,108928000000,69523000000,39306000000,171340000000,8061000000,8499000000,1030000000.0,5987000000,24895000000.0,False,ELV,1156039,Healthcare,"Elevance Health, Inc.",0.2285454612220916,8.251456310679611,2.929168137427933,0.3237999598312914,0.094160094511319,False,False,False,8.0,10.0,6.0,9.0,7.0,8.350000000000001,83.50000000000001,74.93735511525128
2024,116889000000,75463000000,41315000000,177011000000,5808000000,7862000000,,5980000000,30867000000.0,False,ELV,1156039,Healthcare,"Elevance Health, Inc.",0.2640710417575648,,3.9261002289493767,0.1881621148799689,0.0330979339325319,False,True,False,6.0,,6.0,7.0,5.0,6.214285714285714,62.142857142857146,46.7117294766109
2025,121494000000,77468000000,43882000000,199125000000,4290000000,7199000000,,5662000000,31896000000.0,False,ELV,1156039,Healthcare,"Elevance Health, Inc.",0.2625314830361993,,4.430615363244895,0.1344996237772761,0.1249300890905085,False,True,False,6.0,,4.0,7.0,7.0,5.92857142857143,59.2857142857143,43.32315641690048
2021,4299000000,1256800000,3042200000,6010900000,770100000,1217400000,9700000.0,925000000,390000000.0,False,FAST,815556,SupplyChain,FASTENAL CO,0.090718771807397,125.50515463917526,0.3203548546081813,1.9746153846153849,,False,False,False,10.0,10.0,10.0,10.0,,10.000000000000002,100.00000000000001,100.0
2022,4548600000,1385400000,3163200000,6980600000,941000000,1453600000,14300000.0,1086900000,555000000.0,False,FAST,815556,SupplyChain,FASTENAL CO,0.1220155652288616,101.65034965034964,0.381810676940011,1.6954954954954955,0.1613235954682326,False,False,False,8.0,10.0,10.0,10.0,9.0,9.600000000000001,96.00000000000001,93.67721544706062
2023,4462900000,1114100000,3348800000,7346700000,1432700000,1528700000,10800000.0,1155000000,260000000.0,False,FAST,815556,SupplyChain,FASTENAL CO,0.0582580833090591,141.5462962962963,0.1700791522208412,5.510384615384615,0.052445348537375,False,False,False,10.0,10.0,10.0,10.0,7.0,9.700000000000001,97.00000000000001,95.24337464098011
2024,4698000000,1081700000,3616300000,7546000000,1173300000,1510000000,,1150600000,200000000.0,False,FAST,815556,SupplyChain,FASTENAL CO,0.042571306939123,,0.1324503311258278,5.8665,0.0271278260987926,False,True,False,10.0,,10.0,10.0,5.0,9.285714285714286,92.85714285714286,88.8187192850695
2025,5052900000,1109300000,3943600000,8200500000,1295900000,1655700000,,1258400000,125000000.0,False,FAST,815556,SupplyChain,FASTENAL CO,0.0247382691127867,,0.075496768738298,10.3672,0.086734693877551,False,True,False,10.0,,10.0,10.0,7.0,9.571428571428573,95.71428571428572,93.23153191443735
2021,82777000000,58609000000,24168000000,83959000000,10135000000,5857000000,793000000.0,5231000000,19568000000.0,False,FDX,1048911,SupplyChain,FedEx Corporation,0.2363941674619761,7.385876418663304,3.3409595355984294,0.517937448896157,,False,False,False,8.0,8.0,6.0,10.0,,8.111111111111112,81.11111111111113,71.53664381298111
2022,85994000000,61055000000,24939000000,93512000000,9832000000,6245000000,689000000.0,3826000000,19878000000.0,False,FDX,1048911,SupplyChain,FedEx Corporation,0.2311556620229318,9.063860667634252,3.1830264211369097,0.4946171647046987,0.1137817267952214,False,False,False,8.0,10.0,6.0,10.0,7.0,8.600000000000001,86.00000000000001,78.5592849789299
2023,87143000000,61055000000,26088000000,90155000000,8848000000,4912000000,694000000.0,3972000000,19905000000.0,False,FDX,1048911,SupplyChain,FedEx Corporation,0.2284176583317076,7.077809798270893,4.052320846905538,0.4445114292891233,-0.0358991359397724,False,False,False,8.0,8.0,4.0,10.0,5.0,7.4,74.0,61.76902576049553
2024,87007000000,59425000000,27582000000,87693000000,8312000000,5559000000,745000000.0,4331000000,20203000000.0,False,FDX,1048911,SupplyChain,FedEx Corporation,0.2321997080694657,7.461744966442953,3.634286742219824,0.4114240459337722,-0.0273085242083078,False,False,False,8.0,8.0,6.0,10.0,5.0,7.800000000000001,78.0,67.19722896980336
2025,87627000000,59553000000,28074000000,87926000000,7036000000,5217000000,,4092000000,20579000000.0,False,FDX,1048911,SupplyChain,FedEx Corporation,0.2348477067570497,,3.944604178646732,0.3419019388697215,0.0026569965675709,False,True,False,8.0,,6.0,9.0,5.0,7.3571428571428585,73.57142857142858,61.19764393484813
2020,2105396000,947473000,1157923000,952730000,174954000,31172000,9343000.0,22388000,270359000.0,False,HUBG,940942,SupplyChain,"HUB GROUP, INC.",0.1284124221761607,3.336401584073638,8.673136147824971,0.6471173513735441,,False,False,False,8.0,6.0,2.0,10.0,,6.555555555555556,65.55555555555556,50.883292280475125
2021,2437294000,1096980000,1340314000,4232383000,252835000,238457000,7307000.0,171474000,274752000.0,False,HUBG,940942,SupplyChain,"HUB GROUP, INC.",0.1127282962170341,32.63404954153551,1.15220773556658,0.92022988003727,3.442374019921699,False,False,False,8.0,10.0,8.0,10.0,10.0,9.300000000000002,93.00000000000003,89.03745086448069
2022,2810081000,1210479000,1599602000,5340490000,458163000,474721000,7506000.0,356948000,342465000.0,False,HUBG,940942,SupplyChain,"HUB GROUP, INC.",0.1218701524973835,63.24553690381028,0.7214026765194714,1.337838903245587,0.2618163337297214,False,False,False,8.0,10.0,10.0,10.0,9.0,9.600000000000001,96.00000000000001,93.67721544706062
2023,2936047000,1301402000,1634645000,4202585000,422158000,212231000,13435000.0,167528000,350682000.0,False,HUBG,940942,SupplyChain,"HUB GROUP, INC.",0.1194401860733155,15.79687383699293,1.6523599285683994,1.2038199850576876,-0.2130712724862326,False,False,False,8.0,10.0,8.0,10.0,0.0,8.300000000000002,83.00000000000003,74.22068321674399
2024,2868343000,1223346000,1644997000,3946390000,194419000,140291000,,103993000,264362000.0,False,HUBG,940942,SupplyChain,"HUB GROUP, INC.",0.0921654069963041,,1.8843831749720223,0.7354271793979468,-0.0609612893017036,False,True,False,10.0,,8.0,10.0,3.0,8.428571428571429,84.28571428571429,76.06876310798087
2021,44358000000,28255000000,16080000000,3055000000,2262000000,3148000000,326000000.0,2933000000,12494000000.0,False,HUM,49071,Healthcare,HUMANA INC.,0.2816628342125434,9.656441717791411,3.968869123252859,0.1810469025132063,,False,False,False,6.0,10.0,6.0,7.0,,7.611111111111112,76.11111111111111,64.61255268289572
2022,43055000000,27685000000,15311000000,4776000000,4587000000,3800000000,401000000.0,2806000000,11126000000.0,False,HUM,49071,Healthcare,HUMANA INC.,0.2584136569504122,9.476309226932669,2.9278947368421053,0.4122775480855653,0.5633387888707038,False,False,False,6.0,10.0,6.0,10.0,10.0,8.600000000000001,86.00000000000001,78.5592849789299
2023,47065000000,30747000000,16262000000,4033000000,3981000000,4013000000,493000000.0,2489000000,11656000000.0,False,HUM,49071,Healthcare,HUMANA INC.,0.2476574949537873,8.139959432048682,2.904560179416895,0.3415408373369938,-0.1555695142378559,False,False,False,8.0,10.0,6.0,9.0,3.0,7.950000000000001,79.50000000000001,69.27673413529585
2024,46479000000,30034000000,16375000000,4431000000,2966000000,2562000000,,1207000000,11721000000.0,False,HUM,49071,Healthcare,HUMANA INC.,0.2521784031498096,,4.574941451990632,0.2530500810511049,0.0986858418051077,False,True,False,6.0,,4.0,9.0,7.0,6.642857142857144,66.42857142857144,51.97181221707986
2025,48909000000,31172000000,17657000000,5833000000,921000000,2704000000,,1188000000,12369000000.0,False,HUM,49071,Healthcare,HUMANA INC.,0.2528982395878059,,4.574334319526627,0.0744603444094106,0.3164071315730083,False,True,False,6.0,,4.0,5.0,10.0,5.642857142857143,56.42857142857143,40.03118893891705
2021,6794348000,3676532000,3117816000,12168302000,1223898000,1045530000,46251000.0,760806000,945200000.0,False,JBHT,728535,SupplyChain,"J.B. HUNT TRANSPORT SERVICES, INC.",0.1391156296380462,22.60556528507492,0.904039099786711,1.2948561151079137,,False,False,False,8.0,10.0,10.0,10.0,,9.666666666666666,96.66666666666666,94.72023984756972
2022,7787000000,4119814000,3666768000,14813999000,1776882000,1331553000,51249000.0,969351000,1261700000.0,False,JBHT,728535,SupplyChain,"J.B. HUNT TRANSPORT SERVICES, INC.",0.1620264543469885,25.982028917637415,0.9475402030561308,1.408323690259174,0.2174253235989705,False,False,False,8.0,10.0,10.0,10.0,9.0,9.600000000000001,96.00000000000001,93.67721544706062
2023,8588000000,4484390000,4103758000,12829665000,1744618000,993196000,65933000.0,728287000,1326100000.0,False,JBHT,728535,SupplyChain,"J.B. HUNT TRANSPORT SERVICES, INC.",0.1544131346064275,15.06371619674518,1.3351845959911235,1.3156006334363923,-0.1339499212872904,False,False,False,8.0,10.0,8.0,10.0,3.0,8.600000000000003,86.00000000000003,78.55928497892992
2024,8312270000,4297765000,4014505000,12087204000,1483156000,831225000,79020000.0,570886000,977700000.0,False,JBHT,728535,SupplyChain,"J.B. HUNT TRANSPORT SERVICES, INC.",0.117621299596861,10.519172361427486,1.176215826039881,1.5169847601513755,-0.0578706458820241,False,False,False,8.0,10.0,8.0,10.0,3.0,8.600000000000003,86.00000000000003,78.55928497892992
2025,7927155000,4362070000,3565085000,11999096000,1678272000,865069000,,598282000,766938000.0,False,JBHT,728535,SupplyChain,"J.B. HUNT TRANSPORT SERVICES, INC.",0.096748202854618,,0.8865628059727028,2.1882759753721945,-0.0072893615430003,False,True,False,10.0,,10.0,10.0,5.0,9.285714285714286,92.85714285714286,88.8187192850695
2021,48662000000,39112000000,9576000000,30737000000,6815000000,-158000000,106000000.0,-77000000,12410000000.0,False,KR,56873,Retail,Kroger Co.,0.255024454399737,-1.490566037735849,-50.11409003627054,0.5491539081385979,,False,False,False,6.0,0.0,0.0,10.0,,3.777777777777778,37.77777777777778,21.065814334177325
2022,49086000000,39657000000,9452000000,137888000000,6190000000,3477000000,571000000.0,1655000000,11745000000.0,False,KR,56873,Retail,Kroger Co.,0.2392739273927392,6.089316987740806,3.3779119930974977,0.5270327799063431,3.459289980291159,False,False,False,8.0,8.0,6.0,10.0,10.0,8.300000000000002,83.00000000000003,74.22068321674399
2023,49623000000,39609000000,10042000000,148258000000,4498000000,4126000000,535000000.0,2244000000,11292000000.0,False,KR,56873,Retail,Kroger Co.,0.2275557705096427,7.71214953271028,2.7367910809500726,0.3983351044987602,0.0752059642608493,False,False,False,8.0,8.0,6.0,10.0,7.0,8.000000000000002,80.00000000000001,69.97517273236981
2024,50505000000,38904000000,11615000000,150039000000,6788000000,3096000000,441000000.0,2164000000,10187000000.0,False,KR,56873,Retail,Kroger Co.,0.2017028017028017,7.020408163265306,3.290374677002584,0.6663394522430549,0.0120128424773031,False,False,False,8.0,8.0,6.0,10.0,5.0,7.800000000000001,78.0,67.19722896980336
2025,52616000000,44335000000,8285000000,147123000000,5794000000,3849000000,,2665000000,15909000000.0,False,KR,56873,Retail,Kroger Co.,0.3023604987076174,,4.13328137178488,0.3641963668363819,-0.0194349469138024,False,True,False,6.0,,4.0,10.0,5.0,6.714285714285715,67.14285714285715,52.86883112055174
2021,20385400000,10091400000,10273400000,13136100000,3109600000,3048600000,211800000.0,2377300000,5418000000.0,False,LH,920148,Healthcare,LABCORP HOLDINGS INC.,0.2657784492823295,14.393767705382436,1.7772092107852784,0.573938722775932,,False,False,False,6.0,10.0,8.0,10.0,,8.88888888888889,88.88888888888889,82.82395481737235
2022,20155100000,10039600000,10096600000,11863900000,1955900000,1436500000,179800000.0,1279100000,5340100000.0,False,LH,920148,Healthcare,LABCORP HOLDINGS INC.,0.2649503103432878,7.989432703003337,3.7174382178907055,0.3662665493155559,-0.0968476183951096,False,False,False,6.0,8.0,6.0,10.0,3.0,7.300000000000001,73.0,60.43890343735912
2023,16725100000,8834600000,7875000000,12161600000,1327700000,725600000,199600000.0,418000000,5054500000.0,False,LH,920148,Healthcare,LABCORP HOLDINGS INC.,0.302210450161733,3.635270541082164,6.965959206174201,0.262676822633297,0.0250929289693946,False,False,False,6.0,6.0,4.0,9.0,5.0,6.250000000000001,62.50000000000001,47.1420026292591
2024,18379000000,10312500000,8052200000,13008900000,1585800000,1086700000,208300000.0,746000000,6331500000.0,False,LH,920148,Healthcare,LABCORP HOLDINGS INC.,0.3444964361499537,5.216994719155065,5.826355019784669,0.2504619758351101,0.0696701091961584,False,False,False,6.0,8.0,4.0,9.0,7.0,7.050000000000001,70.5,57.16136448576874
2025,18392700000,9756000000,8619800000,13951700000,1640500000,1384700000,224100000.0,876500000,5084600000.0,False,LH,920148,Healthcare,LABCORP HOLDINGS INC.,0.2764466337188123,6.178937974118697,3.67198671192316,0.3226409157062502,0.072473460477058,False,False,False,6.0,8.0,6.0,9.0,7.0,7.450000000000001,74.50000000000001,62.43815138980909
2021,17706000000,15153000000,2553000000,6780000000,649000000,-4475000000,284000000.0,160000000,4407000000.0,False,M,794367,Retail,"MACY'S, INC.",0.2488986784140969,-12.348403755868544,-0.984804469273743,0.147265713637395,,False,False,False,8.0,0.0,0.0,7.0,,3.277777777777778,32.77777777777778,16.785226672564065
2022,17590000000,13969000000,3621000000,24460000000,2712000000,2350000000,256000000.0,1430000000,3295000000.0,False,M,794367,Retail,"MACY'S, INC.",0.187322342239909,9.1796875,1.402127659574468,0.8230652503793626,2.607669616519174,False,False,False,8.0,10.0,8.0,10.0,10.0,9.300000000000002,93.00000000000003,89.03745086448069
2023,16866000000,12784000000,4082000000,24442000000,1615000000,1689000000,175000000.0,1146000000,2996000000.0,False,M,794367,Retail,"MACY'S, INC.",0.1776354796632278,9.651428571428571,1.773830669034932,0.5390520694259012,-0.0007358953393294,False,False,False,8.0,10.0,8.0,10.0,5.0,8.800000000000002,88.00000000000003,81.50275240950091
2024,16246000000,12211000000,4035000000,23092000000,1305000000,301000000,170000000.0,45000000,2998000000.0,False,M,794367,Retail,"MACY'S, INC.",0.1845377323648898,1.7705882352941176,9.960132890365449,0.4352901934623082,-0.0552327960068733,False,False,False,8.0,4.0,2.0,10.0,3.0,5.6000000000000005,56.00000000000001,39.545843488502285
2025,16402000000,11850000000,4552000000,22293000000,1278000000,909000000,158000000.0,582000000,2773000000.0,False,M,794367,Retail,"MACY'S, INC.",0.1690647482014388,5.753164556962025,3.0506050605060504,0.4608727010457987,-0.0346007275246839,False,False,False,8.0,8.0,6.0,10.0,5.0,7.800000000000001,78.0,67.19722896980336
2021,3693100000,2025700000,1667400000,3925300000,984100000,1187500000,22600000.0,927400000,564000000.0,False,MATX,3453,SupplyChain,"Matson, Inc.",0.1527172294278519,52.54424778761062,0.4749473684210526,1.7448581560283687,,False,False,False,8.0,10.0,10.0,10.0,,9.666666666666666,96.66666666666666,94.72023984756972
2022,4330000000,2033100000,2296900000,4343000000,1271900000,1353600000,18000000.0,1063900000,440600000.0,False,MATX,3453,SupplyChain,"Matson, Inc.",0.1017551963048498,75.2,0.3255023640661938,2.8867453472537448,0.1064122487453187,False,False,False,8.0,10.0,10.0,10.0,7.0,9.4,94.0,90.57421229601952
2023,4294600000,1893900000,2400700000,3094600000,510500000,342800000,12200000.0,297100000,400900000.0,False,MATX,3453,SupplyChain,"Matson, Inc.",0.0933497881059935,28.098360655737704,1.1694865810968496,1.2733848840109754,-0.2789270688200296,False,False,False,10.0,10.0,8.0,10.0,0.0,8.600000000000001,86.00000000000001,78.5592849789299
2024,4595400000,1943400000,2652000000,3421800000,767800000,551300000,,476400000,361200000.0,False,MATX,3453,SupplyChain,"Matson, Inc.",0.0786003394699046,,0.6551786686014874,2.125692137320044,0.1057325664059976,False,True,False,10.0,,10.0,10.0,7.0,9.571428571428573,95.71428571428572,93.23153191443735
2025,4635600000,1876600000,2759000000,3344500000,547100000,499800000,,444800000,312100000.0,False,MATX,3453,SupplyChain,"Matson, Inc.",0.0673267753904564,,0.6244497799119648,1.7529637936558795,-0.0225904494710386,False,True,False,10.0,,10.0,10.0,5.0,9.285714285714286,92.85714285714286,88.8187192850695
2021,65015000000,65036000000,-21000000,59142000000,4542000000,-5040000000,217000000.0,666000000,7100000000.0,False,MCK,927653,Healthcare,McKESSON CORPORATION,0.1092055679458586,-12.348403755868544,-1.4087301587301588,0.6397183098591549,,False,False,False,8.0,0.0,0.0,10.0,,4.111111111111112,41.111111111111114,24.117636399990502
2022,63298000000,65570000000,-2272000000,263966000000,4434000000,2038000000,178000000.0,1114000000,5900000000.0,False,MCK,927653,Healthcare,McKESSON CORPORATION,0.0932098960472684,11.44943820224719,2.894995093228656,0.7515254237288136,3.459289980291159,False,False,False,10.0,10.0,6.0,10.0,10.0,9.200000000000001,92.00000000000001,87.510572241826
2023,62320000000,64177000000,-1857000000,276711000000,5159000000,4381000000,248000000.0,3560000000,5600000000.0,False,MCK,927653,Healthcare,McKESSON CORPORATION,0.0898587933247753,17.66532258064516,1.2782469755763524,0.92125,0.0482827333823294,False,False,False,10.0,10.0,8.0,10.0,5.0,9.100000000000001,91.00000000000001,85.9936192586516
2024,67443000000,69414000000,-1971000000,308951000000,4314000000,3909000000,252000000.0,3002000000,5600000000.0,False,MCK,927653,Healthcare,McKESSON CORPORATION,0.0830330797858932,15.511904761904765,1.4325914556152468,0.7703571428571429,0.1165114505747875,False,False,False,10.0,10.0,8.0,10.0,7.0,9.3,93.0,89.03745086448065
2025,75140000000,77214000000,-2074000000,359051000000,6085000000,4422000000,,3295000000,5700000000.0,False,MCK,927653,Healthcare,McKESSON CORPORATION,0.0758583976577056,,1.2890094979647218,1.067543859649123,0.1621616372822873,False,True,False,10.0,,8.0,10.0,9.0,9.285714285714286,92.85714285714286,88.8187192850695
2021,93083000000,41481000000,51428000000,30117000000,6240000000,4484000000,925000000.0,3606000000,26378000000.0,False,MDT,1613103,Healthcare,Medtronic plc,0.28338149823276,4.847567567567568,5.882694023193578,0.2365607703389187,,False,False,False,6.0,8.0,4.0,9.0,,7.055555555555556,70.55555555555556,57.233452588389724
2022,90981000000,38260000000,52551000000,31686000000,7346000000,5752000000,553000000.0,5039000000,20372000000.0,False,MDT,1613103,Healthcare,Medtronic plc,0.2239148833272881,10.401446654611211,3.5417246175243395,0.3605929707441586,0.0520968223926685,False,False,False,8.0,10.0,6.0,10.0,7.0,8.600000000000001,86.00000000000001,78.5592849789299
2023,90948000000,39283000000,51483000000,31227000000,6039000000,5485000000,636000000.0,3758000000,24344000000.0,False,MDT,1613103,Healthcare,Medtronic plc,0.2676694374807582,8.624213836477987,4.438286235186873,0.2480693394676306,-0.0144858928233289,False,False,False,6.0,10.0,4.0,9.0,5.0,7.450000000000001,74.50000000000001,62.43815138980909
2024,89981000000,39561000000,50214000000,32364000000,6787000000,5144000000,719000000.0,3676000000,23932000000.0,False,MDT,1613103,Healthcare,Medtronic plc,0.2659672597548371,7.154381084840056,4.652410575427683,0.2835951863613571,0.0364107983475838,False,False,False,6.0,8.0,4.0,9.0,5.0,6.8500000000000005,68.5,54.58897180935669
2025,91680000000,43424000000,48024000000,33537000000,7044000000,5955000000,,4662000000,25642000000.0,False,MDT,1613103,Healthcare,Medtronic plc,0.2796902268760907,,4.305961376994123,0.2747055611886748,0.0362439747868001,False,True,False,6.0,,4.0,9.0,5.0,6.357142857142858,63.57142857142858,48.44167521494182
2021,38493000000,24852000000,13641000000,11142000000,4255000000,4447000000,646000000.0,3005000000,13840000000.0,False,NSC,702165,SupplyChain,NORFOLK SOUTHERN CORPORATION,0.3595458914607851,6.88390092879257,3.112210478974589,0.3074421965317919,,False,False,False,6.0,8.0,6.0,9.0,,7.500000000000001,75.00000000000001,63.10997693134873
2022,38885000000,26152000000,12733000000,12745000000,4222000000,4809000000,692000000.0,3270000000,15182000000.0,False,NSC,702165,SupplyChain,NORFOLK SOUTHERN CORPORATION,0.3904333290471904,6.949421965317919,3.156997296735288,0.278092477934396,0.1438700412852271,False,False,False,6.0,8.0,6.0,9.0,7.0,7.450000000000001,74.50000000000001,62.43815138980909
2023,41652000000,28871000000,12781000000,12156000000,3179000000,2851000000,722000000.0,1827000000,17179000000.0,False,NSC,702165,SupplyChain,NORFOLK SOUTHERN CORPORATION,0.4124411792951118,3.9487534626038783,6.025605050859348,0.1850515163862855,-0.0462142016477049,False,False,False,4.0,6.0,4.0,7.0,5.0,5.450000000000001,54.500000000000014,37.864689830580176
2024,43682000000,29376000000,14306000000,12123000000,4052000000,4071000000,807000000.0,2622000000,17206000000.0,False,NSC,702165,SupplyChain,NORFOLK SOUTHERN CORPORATION,0.3938922210521496,5.044609665427509,4.226479980348809,0.2354992444496106,-0.0027147087857848,False,False,False,6.0,8.0,4.0,9.0,5.0,6.8500000000000005,68.5,54.58897180935669
2025,45236000000,29689000000,15547000000,12180000000,4361000000,4356000000,,2873000000,17087000000.0,False,NSC,702165,SupplyChain,NORFOLK SOUTHERN CORPORATION,0.3777301264479618,,3.922635445362718,0.2552232691519869,0.0047018064835435,False,True,False,6.0,,6.0,9.0,5.0,6.928571428571429,69.28571428571429,55.59425538020062
2021,4821544000,1141737000,3679807000,5256328000,1212606000,1391602000,1727000.0,1034375000,99947000.0,False,ODFL,878927,SupplyChain,"OLD DOMINION FREIGHT LINE, INC.",0.0207292518745032,805.7915460335843,0.0718215409290874,12.132490219816503,,False,False,False,10.0,10.0,10.0,10.0,,10.000000000000002,100.00000000000001,100.0
2022,4838610000,1185693000,3652917000,6260077000,1691582000,1840632000,1563000.0,1377159000,99963000.0,False,ODFL,878927,SupplyChain,"OLD DOMINION FREIGHT LINE, INC.",0.020659445584579,1177.6276391554702,0.0543090634086552,16.92208117003291,0.1909601151221918,False,False,False,10.0,10.0,10.0,10.0,9.0,9.900000000000002,99.00000000000003,98.40480642250819
2023,5512393000,1254582000,4257811000,5866152000,1569135000,1640673000,464000.0,1239502000,79977000.0,False,ODFL,878927,SupplyChain,"OLD DOMINION FREIGHT LINE, INC.",0.0145085809375347,3535.933189655173,0.0487464595321554,19.619828200607675,-0.0629265422773553,False,False,False,10.0,10.0,10.0,10.0,3.0,9.300000000000002,93.00000000000003,89.03745086448069
2024,5491395000,1246807000,4244588000,5814810000,1659283000,1543998000,212000.0,1186073000,59987000.0,False,ODFL,878927,SupplyChain,"OLD DOMINION FREIGHT LINE, INC.",0.0109238180826547,4300.711293103447,0.0388517342639044,27.6607098204611,-0.0087522450833186,False,False,False,10.0,10.0,10.0,10.0,5.0,9.500000000000002,95.00000000000001,92.1208143458297
2025,5470160000,1159103000,4311057000,5496389000,1370133000,1361045000,296000.0,1023703000,39995000.0,False,ODFL,878927,SupplyChain,"OLD DOMINION FREIGHT LINE, INC.",0.007441409868021636,4300.711293103447,0.029385508928801,31.583892065651934,-0.0547603447060178,False,False,False,10.0,10.0,10.0,10.0,3.0,9.300000000000002,93.00000000000003,89.03745086448069
2021,11718707000,11785130000,-66423000,3291493000,3207310000,675881000,144768000.0,518973000,3826978000.0,False,ORLY,898173,Retail,O Reilly Automotive Inc,0.3265699876274746,4.668718225022104,5.662206808595005,0.8380790273683308,,False,False,False,6.0,8.0,4.0,10.0,,7.333333333333334,73.33333333333334,60.88107071501715
2022,12627979000,13688731000,-1060752000,3644493000,3148250000,682217000,157720000.0,528572000,4371653000.0,False,ORLY,898173,Retail,O Reilly Automotive Inc,0.3461878579303941,4.3254945472990105,6.408009474991095,0.720150936041813,0.1072461645824554,False,False,False,6.0,8.0,4.0,10.0,7.0,7.300000000000001,73.0,60.43890343735912
2023,13872995000,15612273000,-1739278000,3832015000,3034084000,718736000,201668000.0,552504000,5570125000.0,False,ORLY,898173,Retail,O Reilly Automotive Inc,0.4015084702329958,3.5639566019398217,7.749890084815565,0.5447066268710308,0.0514535217930176,False,False,False,4.0,6.0,4.0,10.0,7.0,6.400000000000001,64.00000000000001,48.9652479892499
2024,14893741000,16264702000,-1370961000,16708479000,3049576000,3251157000,222548000.0,2386680000,5520932000.0,False,ORLY,898173,Retail,O Reilly Automotive Inc,0.3706880628580825,14.60879001383971,1.698143768510718,0.5523661584674472,3.360233193241676,False,False,False,6.0,10.0,8.0,10.0,10.0,9.000000000000002,90.00000000000001,84.48663540236126
2025,16538253000,17301605000,-763352000,17781992000,2761993000,3460612000,235064000.0,2538209000,6016904000.0,False,ORLY,898173,Retail,O Reilly Automotive Inc,0.36381738748343,14.7219991151346,1.7386820597050463,0.4590389010693871,0.0642495944723633,False,False,False,6.0,10.0,8.0,10.0,7.0,8.700000000000001,87.00000000000001,80.02594369225835
2021,25434800000,6666000000,18768800000,16071700000,7081300000,8946800000,57300000.0,8075300000,1980000000.0,False,REGN,872589,Healthcare,"REGENERON PHARMACEUTICALS, INC.",0.0778461006180508,156.13961605584643,0.2213081772253766,3.576414141414141,,False,False,False,10.0,10.0,10.0,10.0,,10.000000000000002,100.00000000000001,100.0
2022,29214500000,6550500000,22664000000,12172900000,5014900000,4738900000,59400000.0,4338400000,1981400000.0,False,REGN,872589,Healthcare,"REGENERON PHARMACEUTICALS, INC.",0.0678224854096424,79.77946127946127,0.4181139082909536,2.530988190168568,-0.2425879029598611,False,False,False,10.0,10.0,10.0,10.0,0.0,9.000000000000002,90.00000000000001,84.48663540236126
2023,33080200000,7107100000,25973100000,13117200000,4594000000,4047100000,73000000.0,3953600000,1982900000.0,False,REGN,872589,Healthcare,"REGENERON PHARMACEUTICALS, INC.",0.0599422010749632,55.43972602739726,0.4899557707988436,2.3168087145090523,0.077573955261277,False,False,False,10.0,10.0,10.0,10.0,7.0,9.700000000000001,97.00000000000001,95.24337464098011
2024,37759400000,8405800000,29353600000,14202000000,4420500000,3990700000,,4412600000,1984400000.0,False,REGN,872589,Healthcare,"REGENERON PHARMACEUTICALS, INC.",0.0525538011726881,,0.4972561204801162,2.2276254787341263,0.0827005763425121,False,True,False,10.0,,10.0,10.0,7.0,9.571428571428573,95.71428571428572,93.23153191443735
2025,40558700000,9301800000,31256900000,14342900000,4978900000,3577900000,,4504900000,1985900000.0,False,REGN,872589,Healthcare,"REGENERON PHARMACEUTICALS, INC.",0.0489636009043682,,0.555046256183795,2.507125232891888,0.0099211378679058,False,True,False,10.0,,10.0,10.0,5.0,9.285714285714286,92.85714285714286,88.8187192850695
2021,7887500000,5283100000,2604400000,4400800000,380900000,-43600000,48500000.0,-121100000,1632900000.0,False,RL,1037038,Retail,Ralph Lauren Corporation,0.2070237717908082,-0.8989690721649485,-37.45183486238532,0.233265968522261,,False,False,False,8.0,0.0,0.0,9.0,,3.833333333333334,38.33333333333334,21.56366305068353
2022,7724700000,5188700000,2536000000,6218500000,715900000,798400000,54000000.0,600100000,1136500000.0,False,RL,1037038,Retail,Ralph Lauren Corporation,0.1471254547102153,14.785185185185185,1.4234719438877756,0.6299164100307963,0.413038538447555,False,False,False,8.0,10.0,8.0,10.0,10.0,9.300000000000002,93.00000000000003,89.03745086448069
2023,6789500000,4359000000,2430500000,6443600000,411000000,704200000,40400000.0,522700000,1138500000.0,False,RL,1037038,Retail,Ralph Lauren Corporation,0.1676853965682303,17.43069306930693,1.6167282022152798,0.3610013175230566,0.036198440138297,False,False,False,8.0,10.0,8.0,10.0,5.0,8.800000000000002,88.00000000000003,81.50275240950091
2024,6602600000,4152300000,2450300000,6631400000,1069700000,756400000,42200000.0,646300000,1140500000.0,False,RL,1037038,Retail,Ralph Lauren Corporation,0.1727349831884409,17.924170616113745,1.507800105764146,0.9379219640508548,0.0291451983363337,False,False,False,8.0,10.0,8.0,10.0,5.0,8.800000000000002,88.00000000000003,81.50275240950091
2025,7047300000,4458800000,2588500000,7079000000,1235100000,932100000,44100000.0,742900000,742900000.0,False,RL,1037038,Retail,Ralph Lauren Corporation,0.1054162587090091,21.13605442176871,0.7970174873940564,1.6625386996904026,0.0674970594444612,False,False,False,8.0,10.0,10.0,10.0,7.0,9.4,94.0,90.57421229601952
2021,1845250000,624917000,1220333000,2288704000,382592000,335141000,3212000.0,253235000,31008000.0,False,SAIA,1177702,SupplyChain,"Saia, Inc.",0.0168042270695027,104.34028642590286,0.0925222518283349,12.338493292053665,,False,False,False,10.0,10.0,10.0,10.0,,10.000000000000002,100.00000000000001,100.0
2022,2174710000,595369000,1579341000,2792057000,473026000,470488000,2611000.0,357422000,16489000.0,False,SAIA,1177702,SupplyChain,"Saia, Inc.",0.0075821603800046,180.19456147070088,0.0350465899236537,28.687367335799625,0.2199292700148205,False,False,False,10.0,10.0,10.0,10.0,9.0,9.900000000000002,99.00000000000003,98.40480642250819
2023,2583565000,642071000,1941494000,2881433000,577945000,460496000,2535000.0,354857000,6315000.0,False,SAIA,1177702,SupplyChain,"Saia, Inc.",0.007441409868021636,181.6552268244576,0.0137134741669851,31.583892065651934,0.0320108078022762,False,False,False,10.0,10.0,10.0,10.0,5.0,9.500000000000002,95.00000000000001,92.1208143458297
2024,3166857000,855586000,2311271000,3209074000,583702000,482160000,8930000.0,362065000,194981000.0,False,SAIA,1177702,SupplyChain,"Saia, Inc.",0.0615692467326437,53.993281075028,0.4043906587025054,2.993635277283428,0.1137076586545653,False,False,False,10.0,10.0,10.0,10.0,7.0,9.700000000000001,97.00000000000001,95.24337464098011
2025,3482681000,904982000,2577699000,3234286000,594973000,352200000,16444000.0,255036000,163000000.0,False,SAIA,1177702,SupplyChain,"Saia, Inc.",0.0468030233030243,21.41814643639017,0.4628052243043725,3.6501411042944794,0.0078564719916087,False,False,False,10.0,10.0,10.0,10.0,5.0,9.500000000000002,95.00000000000001,92.1208143458297
2020,5413200000,5297600000,115600000,1860100000,246900000,183000000,22200000.0,-116100000,2792400000.0,False,SGRY,1638833,Healthcare,"Surgery Partners, Inc.",0.515850144092219,8.243243243243244,15.259016393442623,0.0884185646755479,,False,False,False,4.0,10.0,0.0,5.0,,5.388888888888889,53.88888888888889,37.18765272429328
2021,6117600000,5028600000,1089000000,2225100000,87100000,302200000,27400000.0,-70900000,2878400000.0,False,SGRY,1638833,Healthcare,"Surgery Partners, Inc.",0.470511311625474,11.02919708029197,9.524818001323627,0.0302598665925514,0.1962260093543357,False,False,False,4.0,10.0,2.0,2.0,9.0,5.400000000000001,54.000000000000014,37.3104095047531
2022,6682100000,4683900000,1998200000,2539300000,158800000,345200000,42700000.0,-54600000,2559000000.0,False,SGRY,1638833,Healthcare,"Surgery Partners, Inc.",0.3829634396372398,8.08430913348946,7.413093858632677,0.0620554904259476,0.1412071367578984,False,False,False,6.0,10.0,4.0,5.0,7.0,6.650000000000001,66.50000000000001,52.06125492661121
2023,6876700000,4889500000,1987200000,2743300000,293800000,328000000,48600000.0,-11900000,2701800000.0,False,SGRY,1638833,Healthcare,"Surgery Partners, Inc.",0.3928919394477002,6.748971193415638,8.237195121951219,0.1087423199348582,0.0803371007758042,False,False,False,6.0,8.0,2.0,7.0,7.0,6.15,61.5,45.94097259896739
2024,7890000000,6100300000,1789700000,3114300000,300100000,348800000,61800000.0,-168100000,3268900000.0,False,SGRY,1638833,Healthcare,"Surgery Partners, Inc.",0.4143092522179974,5.644012944983818,9.371846330275227,0.0918045825812964,0.1352385812707324,False,False,False,4.0,8.0,2.0,5.0,7.0,5.350000000000001,53.500000000000014,36.75920000680949
2021,51248000000,36808000000,14440000000,93561000000,10525000000,6539000000,977000000.0,4368000000,11536000000.0,False,TGT,27419,Retail,Target Corporation,0.2251014673743365,6.69293756397134,1.764184126013152,0.9123613037447988,,False,False,False,8.0,8.0,8.0,10.0,,8.555555555555555,85.55555555555556,77.91070696499807
2022,53811000000,40984000000,12827000000,106005000000,8625000000,8946000000,421000000.0,6946000000,13549000000.0,False,TGT,27419,Retail,Target Corporation,0.2517886677445132,21.24940617577197,1.5145316342499442,0.6365783452653332,0.1330041363388592,False,False,False,6.0,10.0,8.0,10.0,7.0,8.700000000000001,87.00000000000001,80.02594369225835
2023,53335000000,42103000000,11232000000,109120000000,4018000000,3848000000,478000000.0,2780000000,16009000000.0,False,TGT,27419,Retail,Target Corporation,0.3001593700196869,8.05020920502092,4.160343035343035,0.2509838216003498,0.029385406348757,False,False,False,6.0,10.0,4.0,9.0,5.0,7.450000000000001,74.50000000000001,62.43815138980909
2024,55356000000,41924000000,13432000000,107412000000,8621000000,5707000000,502000000.0,4138000000,14922000000.0,False,TGT,27419,Retail,Target Corporation,0.2695642748753523,11.368525896414342,2.614683721745225,0.5777375686905241,-0.0156524926686216,False,False,False,6.0,10.0,6.0,10.0,5.0,8.100000000000001,81.00000000000001,71.37991561611523
2025,57769000000,43103000000,14666000000,106566000000,7367000000,5566000000,,4091000000,14304000000.0,False,TGT,27419,Retail,Target Corporation,0.2476068479634406,,2.569888609414301,0.5150307606263982,-0.0078762149480504,False,True,False,8.0,,6.0,10.0,5.0,7.714285714285715,77.14285714285715,66.01963997985338
2021,13093543000,7003879000,6089664000,12642117000,883695000,1363094000,83672000.0,991590000,4190288000.0,False,UHS,352915,Healthcare,"UNIVERSAL HEALTH SERVICES, INC.",0.3200270545565856,16.29092169423463,3.0741005389210136,0.2108912322971595,,False,False,False,6.0,10.0,6.0,9.0,,8.166666666666668,81.66666666666669,72.32221644856668
2022,13494188000,7573606000,5920582000,13399370000,996023000,1003555000,126889000.0,675609000,4807980000.0,False,UHS,352915,Healthcare,"UNIVERSAL HEALTH SERVICES, INC.",0.3563000604408357,7.908920394990898,4.790948179222863,0.2071603875224106,0.0598992241568401,False,False,False,6.0,8.0,4.0,9.0,7.0,7.050000000000001,70.5,57.16136448576874
2023,13967602000,7818601000,6149001000,14281976000,1267797000,1175381000,206674000.0,717795000,4912469000.0,False,UHS,352915,Healthcare,"UNIVERSAL HEALTH SERVICES, INC.",0.3517045374001922,5.687125618123228,4.179469465645608,0.2580773537705785,0.0658692162392708,False,False,False,6.0,8.0,4.0,9.0,7.0,7.050000000000001,70.5,57.16136448576874
2024,14469749000,7803542000,6666207000,15827935000,2067101000,1681814000,186109000.0,1142097000,4504541000.0,False,UHS,352915,Healthcare,"UNIVERSAL HEALTH SERVICES, INC.",0.3113074732671589,9.03671504333482,2.6783823894913468,0.4588927040513118,0.1082454556708398,False,False,False,6.0,10.0,6.0,10.0,7.0,8.3,83.0,74.22068321674394
2025,15527593000,8251801000,7275792000,17364829000,1864397000,1994015000,156068000.0,1488796000,4752551000.0,False,UHS,352915,Healthcare,"UNIVERSAL HEALTH SERVICES, INC.",0.3060713273460993,12.776578158238715,2.3834078479850955,0.3922939490812407,0.0971000954957168,False,False,False,6.0,10.0,6.0,10.0,7.0,8.3,83.0,74.22068321674394
2021,69405000000,55152000000,14253000000,97287000000,15007000000,12810000000,694000000.0,12890000000,19784000000.0,False,UPS,1090727,SupplyChain,"United Parcel Service, Inc.",0.2850515092572581,18.45821325648415,1.5444184231069478,0.7585422563687828,,False,False,False,6.0,10.0,8.0,10.0,,8.88888888888889,88.88888888888889,82.82395481737235
2022,71124000000,51338000000,19786000000,100338000000,14104000000,13094000000,704000000.0,11548000000,19662000000.0,False,UPS,1090727,SupplyChain,"United Parcel Service, Inc.",0.2764467690231145,18.599431818181817,1.5016037879945012,0.7173227545519276,0.0313608190200129,False,False,False,6.0,10.0,8.0,10.0,5.0,8.500000000000002,85.00000000000001,77.10282331663666
2023,70857000000,53551000000,17306000000,90958000000,10238000000,9141000000,785000000.0,6708000000,22264000000.0,False,UPS,1090727,SupplyChain,"United Parcel Service, Inc.",0.3142103109078848,11.644585987261149,2.4356197352587245,0.4598454904779015,-0.0934840239988837,False,False,False,6.0,10.0,6.0,10.0,3.0,7.9,79.0,68.58092620107284
2024,70070000000,53352000000,16718000000,91070000000,10122000000,8468000000,,5782000000,21284000000.0,False,UPS,1090727,SupplyChain,"United Parcel Service, Inc.",0.3037533894676751,,2.5134624468587625,0.4755685021612479,0.0012313375404031,False,True,False,6.0,,6.0,10.0,5.0,7.285714285714286,72.85714285714286,60.24977338193695
2025,73090000000,56863000000,16227000000,88661000000,8450000000,7867000000,,5572000000,24127000000.0,False,UPS,1090727,SupplyChain,"United Parcel Service, Inc.",0.3300998768641401,,3.0668615736621327,0.3502300327433995,-0.0264521796420336,False,True,False,6.0,,6.0,10.0,5.0,7.285714285714286,72.85714285714286,60.24977338193695
2021,252496000000,171571000000,80925000000,555233000000,36074000000,22548000000,1976000000.0,13510000000,44309000000.0,False,WMT,104169,Retail,Walmart Inc.,0.1754839680628604,11.410931174089068,1.965096682632606,0.814146110271051,,False,False,False,8.0,10.0,8.0,10.0,,9.222222222222223,92.22222222222223,87.8490223492432
2022,244860000000,161607000000,83253000000,567762000000,24181000000,25942000000,1674000000.0,13673000000,37667000000.0,False,WMT,104169,Retail,Walmart Inc.,0.153830760434534,15.497013142174431,1.451969778737183,0.6419677701967239,0.022565301414001,False,False,False,8.0,10.0,8.0,10.0,5.0,8.800000000000002,88.00000000000003,81.50275240950091
2023,243197000000,166504000000,76693000000,605881000000,28841000000,20428000000,1787000000.0,11680000000,38840000000.0,False,WMT,104169,Retail,Walmart Inc.,0.1597059174249682,11.431449356463348,1.9013119248090853,0.7425592173017508,0.0671390476995643,False,False,False,8.0,10.0,8.0,10.0,7.0,9.000000000000002,90.00000000000001,84.48663540236126
2024,252399000000,168538000000,83861000000,642637000000,35726000000,27012000000,2259000000.0,15511000000,39579000000.0,False,WMT,104169,Retail,Walmart Inc.,0.156811239347224,11.95750332005312,1.465237672145713,0.9026503954117082,0.0606653781848249,False,False,False,8.0,10.0,8.0,10.0,7.0,9.000000000000002,90.00000000000001,84.48663540236126
2025,260823000000,169810000000,91013000000,674538000000,36443000000,29348000000,2249000000.0,19436000000,35999000000.0,False,WMT,104169,Retail,Walmart Inc.,0.13802080338007,13.049355269008448,1.2266253237017857,1.0123336759354429,0.0496407769860745,False,False,False,8.0,10.0,8.0,10.0,5.0,8.800000000000002,88.00000000000003,81.50275240950091
2018,1617100000,1922600000,-305500000,5092000000,224800000,142900000,105800000.0,20200000,874900000.0,False,YELL,716006,SupplyChain,Yellow Corporation,0.5410302393172964,1.3506616257088846,6.122463261021694,0.2569436507029374,,False,False,False,4.0,4.0,4.0,9.0,,5.388888888888889,53.88888888888889,37.18765272429328
2019,1831600000,2272800000,-441200000,4871200000,21500000,16200000,111200000.0,-104000000,862200000.0,False,YELL,716006,SupplyChain,Yellow Corporation,0.4707359685520856,0.14568345323741,22.905923420660674,0.027491565006410243,-0.0433621366849961,False,False,False,4.0,2.0,0.0,2.0,5.0,2.2000000000000006,22.000000000000007,8.869033377534445
2020,2185800000,2409100000,-223300000,4513700000,122500000,56500000,135900000.0,-53500000,1225400000.0,False,YELL,716006,SupplyChain,Yellow Corporation,0.5606185378351176,0.4157468727005151,21.68849557522124,0.0999673575975191,-0.0733905403186073,False,False,False,4.0,2.0,0.0,5.0,3.0,2.7500000000000004,27.500000000000004,12.674543028933055
2021,2425600000,2789100000,-363500000,5121800000,10200000,103600000,150700000.0,-109100000,1554500000.0,False,YELL,716006,SupplyChain,Yellow Corporation,0.6408723614775725,0.6874585268745853,15.004826254826256,0.027491565006410243,0.1347231761082925,False,False,False,2.0,2.0,0.0,2.0,7.0,2.1000000000000005,21.000000000000007,8.232862678396364
2022,2279300000,2660800000,-381500000,5244700000,121300000,197800000,162900000.0,21800000,1538000000.0,False,YELL,716006,SupplyChain,Yellow Corporation,0.6747685692975913,1.2142418661755678,7.775530839231547,0.0788686605981794,0.0239954703424576,False,False,False,2.0,4.0,4.0,5.0,5.0,4.050000000000001,40.50000000000001,23.54659083144142
